Vehicle_Type,Accident_ID,Number_of_Casualties,Is_Severe,Avg_Casualties
Auto-Rickshaw,151,438,0.2781456953642384,2.9006622516556293
Bicycle,180,553,0.29444444444444445,3.0722222222222224
Bus,161,453,0.30434782608695654,2.813664596273292
Car,168,536,0.2857142857142857,3.1904761904761907
Motorcycle,196,570,0.28061224489795916,2.9081632653061225
Truck,144,419,0.3194444444444444,2.9097222222222223
