Zone,Severe_Accident_Rate
Rural,0.2742382271468144
Urban,0.30359937402190923
