Road_Type,Total_Accidents,Severity_Rate
Roundabout,213,0.3286384976525822
Slip Road,207,0.2995169082125604
Dual Carriageway,188,0.2925531914893617
One Way,185,0.2810810810810811
Single Carriageway,207,0.2608695652173913
