Weather_Conditions,Total_Accidents,Number_of_Casualties,Avg_Casualties_per_Accident
Clear,586,1733,2.9573378839590445
Cloudy,49,159,3.2448979591836733
Fog,113,324,2.8672566371681416
Rain,207,606,2.927536231884058
Snow,45,147,3.2666666666666666
